CustomerID,Name,Age,Gender,SubscriptionType,SubscriptionDate,LastLoginDate,TotalSessions,FeedbackScore,IsChurned
1,Customer1,35,Female,Standard,29-05-2024,26-11-2024,45,2.4,0
2,Customer2,39,Male,Basic,10-04-2022,07-10-2022,36,4.1,1
3,Customer3,20,Male,Standard,15-07-2023,28-02-2024,332,4.2,0
4,Customer4,62,Male,Premium,17-04-2023,22-10-2023,167,2.9,1
5,Customer5,39,Female,Premium,20-02-2024,20-03-2024,335,2.2,1
6,Customer6,35,Female,Premium,18-03-2022,01-02-2023,364,3.1,0
7,Customer7,43,Female,Premium,08-01-2024,14-05-2024,224,4.4,1
8,Customer8,51,Female,Premium,11-05-2022,17-06-2022,378,3.8,1
9,Customer9,47,Male,Standard,28-06-2022,09-04-2023,120,4.7,1
10,Customer10,35,Female,Standard,06-03-2024,16-01-2025,224,1.4,1
11,Customer11,57,Male,Standard,16-01-2023,22-05-2023,218,1.3,1
12,Customer12,55,Male,Premium,12-08-2023,15-09-2023,191,1.2,0
13,Customer13,21,Male,Premium,10-09-2023,07-02-2024,319,4,0
14,Customer14,40,Male,Basic,08-04-2024,02-02-2025,80,2.1,0
15,Customer15,31,Female,Basic,19-05-2022,19-06-2022,50,4.5,0
16,Customer16,34,Male,Premium,13-05-2022,19-04-2023,400,5,1
17,Customer17,38,Female,Premium,26-05-2024,13-03-2025,358,1.9,1
18,Customer18,46,Female,Standard,25-09-2022,04-05-2023,344,2.9,0
19,Customer19,47,Male,Basic,17-04-2022,06-12-2022,190,4.7,0
20,Customer20,53,Male,Premium,25-05-2022,17-07-2022,220,1.3,0
21,Customer21,29,Male,Premium,27-09-2023,11-10-2023,184,1.7,0
22,Customer22,60,Male,Standard,06-02-2022,19-03-2022,219,1.9,1
23,Customer23,36,Male,Basic,03-09-2022,18-03-2023,140,4.2,0
24,Customer24,34,Female,Basic,03-05-2023,20-01-2024,420,1.2,1
25,Customer25,29,Female,Premium,15-05-2023,09-08-2023,390,1.4,1
26,Customer26,20,Female,Premium,16-05-2023,22-02-2024,148,3.6,1
27,Customer27,35,Female,Standard,12-06-2022,26-02-2023,96,1,0
28,Customer28,50,Female,Basic,06-02-2024,09-03-2024,357,2.2,0
29,Customer29,64,Male,Standard,12-04-2023,22-02-2024,388,2,0
30,Customer30,55,Male,Basic,30-05-2022,18-05-2023,185,2.6,0
31,Customer31,20,Male,Premium,26-05-2024,19-02-2025,284,3.5,1
32,Customer32,40,Female,Premium,28-09-2022,10-11-2022,435,5,0
33,Customer33,60,Male,Basic,21-05-2022,21-04-2023,391,4.6,0
34,Customer34,20,Female,Standard,21-01-2024,22-12-2024,96,2,1
35,Customer35,32,Female,Premium,15-01-2024,30-04-2024,84,2.1,1
36,Customer36,54,Male,Standard,13-09-2022,15-12-2022,94,1.4,1
37,Customer37,24,Female,Basic,29-06-2023,18-06-2024,205,1.7,1
38,Customer38,41,Male,Standard,24-07-2023,18-05-2024,160,1.3,0
39,Customer39,23,Female,Premium,01-01-2024,18-10-2024,88,3.6,1
40,Customer40,50,Female,Standard,11-01-2024,19-02-2024,283,2.4,0
41,Customer41,40,Male,Standard,07-10-2022,04-11-2022,233,3.3,1
42,Customer42,42,Male,Standard,20-01-2024,31-12-2024,249,4.4,1
43,Customer43,33,Female,Premium,04-11-2023,30-01-2024,479,1.2,0
44,Customer44,20,Male,Standard,17-02-2023,26-03-2023,18,4.7,0
45,Customer45,36,Female,Premium,17-12-2023,02-12-2024,265,4.3,1
46,Customer46,63,Male,Basic,25-01-2022,21-08-2022,350,2.7,1
47,Customer47,29,Male,Basic,04-01-2022,24-01-2022,486,4.7,0
48,Customer48,39,Female,Basic,31-12-2022,12-11-2023,345,3.9,0
49,Customer49,33,Male,Basic,27-03-2023,20-11-2023,174,1,1
50,Customer50,35,Female,Basic,04-05-2023,18-03-2024,479,1.5,0
51,Customer51,45,Female,Basic,03-11-2022,27-02-2023,388,2.7,1
52,Customer52,43,Male,Standard,18-05-2023,17-09-2023,311,4,1
53,Customer53,27,Male,Premium,06-05-2024,13-09-2024,299,4.7,1
54,Customer54,63,Female,Basic,06-08-2022,16-02-2023,14,2.1,1
55,Customer55,59,Male,Premium,01-12-2022,28-05-2023,400,2.6,0
56,Customer56,28,Male,Standard,01-10-2023,29-01-2024,445,3,0
57,Customer57,59,Male,Premium,18-10-2023,08-08-2024,51,3,1
58,Customer58,28,Female,Standard,20-11-2022,26-01-2023,201,4.7,0
59,Customer59,49,Female,Standard,03-10-2023,09-05-2024,270,2.5,0
60,Customer60,54,Male,Standard,12-05-2024,13-05-2024,466,2,0
61,Customer61,35,Female,Premium,29-04-2023,10-11-2023,133,1.7,1
62,Customer62,25,Female,Basic,27-11-2023,27-11-2023,461,4.5,1
63,Customer63,47,Male,Basic,18-07-2022,14-03-2023,168,4.6,1
64,Customer64,47,Female,Premium,04-01-2024,08-06-2024,199,4.4,0
65,Customer65,40,Female,Premium,14-07-2023,07-09-2023,81,4.6,1
66,Customer66,55,Female,Basic,12-02-2024,21-12-2024,459,2.4,0
67,Customer67,30,Male,Basic,02-05-2022,21-06-2022,499,1.8,0
68,Customer68,52,Female,Premium,25-09-2022,01-08-2023,339,4,0
69,Customer69,39,Female,Standard,08-02-2024,23-08-2024,467,2.4,0
70,Customer70,56,Female,Basic,05-05-2023,22-07-2023,202,1.6,0
71,Customer71,46,Female,Basic,13-02-2022,27-12-2022,21,3.3,0
72,Customer72,42,Female,Basic,31-08-2023,10-07-2024,398,1.6,0
73,Customer73,64,Female,Premium,17-10-2022,01-07-2023,394,1.9,1
74,Customer74,45,Female,Premium,05-03-2023,07-01-2024,15,2.9,1
75,Customer75,54,Male,Standard,24-01-2022,11-11-2022,466,3.3,1
76,Customer76,22,Female,Basic,17-01-2023,08-04-2023,239,4.4,1
77,Customer77,64,Female,Premium,11-12-2022,25-06-2023,470,2.7,1
78,Customer78,37,Female,Standard,03-04-2022,13-07-2022,482,1.2,1
79,Customer79,21,Male,Standard,09-11-2023,21-01-2024,481,4.3,0
80,Customer80,43,Female,Premium,05-06-2024,19-01-2025,75,4.9,1
81,Customer81,50,Female,Basic,06-09-2023,31-05-2024,11,4.5,0
82,Customer82,54,Female,Standard,20-08-2022,16-01-2023,465,4.7,0
83,Customer83,19,Male,Premium,18-01-2023,12-09-2023,236,2.4,1
84,Customer84,28,Male,Basic,14-10-2022,16-08-2023,96,3.9,0
85,Customer85,64,Female,Standard,21-11-2022,15-08-2023,7,3.4,1
86,Customer86,29,Female,Basic,09-03-2024,24-02-2025,18,3.6,0
87,Customer87,43,Male,Premium,18-03-2023,14-03-2024,458,1.4,0
88,Customer88,25,Male,Premium,08-02-2024,08-06-2024,267,4.1,0
89,Customer89,53,Female,Premium,27-04-2024,03-04-2025,242,1.1,0
90,Customer90,41,Male,Premium,10-06-2024,03-09-2024,177,2.8,1
91,Customer91,30,Male,Basic,01-06-2023,16-04-2024,457,1.4,1
92,Customer92,26,Male,Premium,08-03-2022,09-03-2022,328,2.4,1
93,Customer93,56,Male,Standard,01-03-2024,07-05-2024,387,3.2,1
94,Customer94,55,Female,Basic,06-06-2023,12-12-2023,78,3.1,1
95,Customer95,39,Female,Basic,17-01-2024,22-04-2024,447,1.5,1
96,Customer96,22,Male,Basic,05-03-2024,11-07-2024,239,3.8,1
97,Customer97,47,Male,Standard,03-01-2024,20-06-2024,309,2.3,0
98,Customer98,52,Male,Basic,26-05-2024,15-07-2024,172,2.2,0
99,Customer99,22,Male,Standard,28-11-2022,07-10-2023,211,1.9,1
100,Customer100,24,Female,Standard,02-09-2022,06-05-2023,6,3.9,0
101,Customer101,60,Male,Premium,21-09-2022,20-06-2023,385,2.1,1
102,Customer102,33,Male,Premium,27-06-2023,19-04-2024,441,4.5,0
103,Customer103,57,Female,Premium,03-12-2023,11-09-2024,465,3.8,1
104,Customer104,26,Male,Basic,05-05-2024,21-01-2025,2,4.1,1
105,Customer105,33,Male,Premium,27-09-2022,06-10-2022,28,4,0
106,Customer106,62,Female,Premium,08-09-2022,07-08-2023,362,4.3,1
107,Customer107,59,Female,Basic,01-03-2023,11-02-2024,94,2.7,1
108,Customer108,31,Female,Standard,29-06-2022,11-06-2023,52,4.9,0
109,Customer109,49,Male,Standard,31-05-2024,05-08-2024,164,4.3,1
110,Customer110,65,Female,Premium,09-06-2024,24-07-2024,365,3.7,1
111,Customer111,18,Female,Premium,15-06-2022,01-04-2023,161,4.2,0
112,Customer112,27,Female,Basic,01-02-2023,03-05-2023,184,4.8,1
113,Customer113,53,Male,Standard,27-02-2024,30-06-2024,187,2,1
114,Customer114,65,Female,Basic,20-01-2023,17-01-2024,330,1.2,1
115,Customer115,23,Male,Premium,01-01-2023,02-07-2023,182,2.1,0
116,Customer116,42,Male,Premium,14-03-2023,16-02-2024,35,3.6,1
117,Customer117,58,Female,Premium,22-09-2023,24-02-2024,81,3.6,0
118,Customer118,59,Male,Premium,08-02-2024,10-12-2024,261,4.5,0
119,Customer119,32,Male,Premium,03-11-2023,09-09-2024,421,4.9,1
120,Customer120,25,Male,Basic,21-11-2022,24-09-2023,280,4.9,0
121,Customer121,27,Female,Basic,18-03-2023,05-02-2024,280,2.6,0
122,Customer122,53,Male,Premium,04-02-2024,28-07-2024,256,3.6,0
123,Customer123,51,Female,Premium,22-03-2023,24-08-2023,200,4.3,0
124,Customer124,31,Male,Premium,13-01-2022,27-12-2022,268,4.7,0
125,Customer125,52,Male,Premium,15-07-2023,29-03-2024,93,2.9,1
126,Customer126,40,Female,Premium,25-01-2022,11-08-2022,25,2.6,1
127,Customer127,39,Male,Standard,07-06-2024,22-10-2024,205,4.3,0
128,Customer128,65,Male,Standard,04-02-2024,22-05-2024,42,2.9,0
129,Customer129,65,Male,Standard,31-05-2023,27-08-2023,54,1.3,1
130,Customer130,28,Female,Premium,09-03-2022,26-09-2022,345,4.8,0
131,Customer131,20,Male,Standard,21-08-2022,22-12-2022,64,4.5,1
132,Customer132,34,Male,Basic,13-07-2023,29-04-2024,425,4.1,1
133,Customer133,54,Male,Premium,22-01-2022,16-03-2022,217,1.5,0
134,Customer134,58,Female,Basic,13-06-2023,08-12-2023,194,4.8,0
135,Customer135,21,Male,Premium,03-03-2024,13-06-2024,369,2.5,1
136,Customer136,24,Male,Basic,18-02-2022,22-06-2022,143,4.6,0
137,Customer137,26,Female,Premium,08-07-2022,14-07-2022,114,1.7,1
138,Customer138,34,Female,Basic,03-12-2023,12-04-2024,337,3.3,1
139,Customer139,26,Female,Basic,05-10-2023,28-06-2024,249,4.7,1
140,Customer140,51,Female,Basic,11-04-2023,30-07-2023,228,3.5,0
141,Customer141,32,Male,Basic,07-03-2023,07-12-2023,406,2.3,0
142,Customer142,58,Female,Premium,01-04-2023,07-09-2023,494,2.3,1
143,Customer143,26,Female,Basic,22-06-2023,03-10-2023,416,2.5,1
144,Customer144,21,Female,Premium,18-10-2023,23-12-2023,292,1.4,1
145,Customer145,51,Female,Premium,01-03-2022,25-08-2022,181,4.6,1
146,Customer146,25,Female,Basic,10-10-2023,17-01-2024,289,4.8,0
147,Customer147,19,Female,Standard,11-04-2023,27-01-2024,328,1.8,1
148,Customer148,51,Male,Premium,06-07-2022,17-11-2022,46,3.8,1
149,Customer149,18,Male,Standard,10-06-2023,10-07-2023,4,4.2,0
150,Customer150,26,Female,Standard,04-01-2022,21-10-2022,206,4,1
151,Customer151,26,Female,Standard,09-08-2022,29-12-2022,32,3.1,1
152,Customer152,55,Male,Premium,09-12-2023,25-09-2024,433,1.5,1
153,Customer153,49,Male,Standard,23-03-2024,27-09-2024,156,2.9,0
154,Customer154,24,Male,Basic,26-03-2024,17-04-2024,251,3.9,1
155,Customer155,18,Male,Premium,23-05-2024,02-06-2024,35,1.3,0
156,Customer156,21,Female,Premium,09-01-2024,20-01-2024,426,1.1,0
157,Customer157,20,Male,Premium,14-02-2024,21-03-2024,40,3.7,1
158,Customer158,50,Female,Premium,08-04-2023,07-06-2023,260,4,0
159,Customer159,33,Female,Basic,03-10-2023,09-08-2024,274,3.7,0
160,Customer160,53,Male,Standard,08-04-2023,03-08-2023,49,1.8,0
161,Customer161,29,Female,Premium,04-05-2022,08-01-2023,339,1.1,1
162,Customer162,31,Male,Basic,24-12-2023,10-10-2024,85,2.8,0
163,Customer163,57,Female,Basic,13-11-2023,06-04-2024,446,1.3,0
164,Customer164,22,Male,Premium,04-05-2024,04-07-2024,218,4.8,0
165,Customer165,56,Male,Premium,05-01-2024,10-07-2024,256,3,1
166,Customer166,26,Male,Premium,20-11-2022,17-06-2023,206,1.8,0
167,Customer167,43,Male,Basic,08-08-2023,20-08-2023,64,4,1
168,Customer168,25,Male,Standard,03-12-2022,23-05-2023,218,1.7,0
169,Customer169,56,Male,Standard,04-10-2022,04-03-2023,217,2.9,1
170,Customer170,50,Male,Premium,29-12-2023,25-03-2024,385,4.2,1
171,Customer171,55,Female,Premium,12-06-2022,17-04-2023,314,3.2,0
172,Customer172,26,Male,Basic,21-10-2023,24-06-2024,174,2.8,0
173,Customer173,29,Female,Premium,01-11-2023,28-12-2023,193,4.5,0
174,Customer174,34,Male,Standard,15-06-2022,24-08-2022,349,2.3,0
175,Customer175,58,Male,Basic,26-04-2024,10-09-2024,479,4.9,0
176,Customer176,64,Male,Basic,08-07-2023,16-09-2023,260,3.5,1
177,Customer177,39,Female,Standard,04-04-2023,12-08-2023,462,4,1
178,Customer178,24,Male,Standard,03-06-2022,09-07-2022,111,2,0
179,Customer179,33,Male,Basic,06-02-2024,15-04-2024,433,2.1,0
180,Customer180,18,Female,Standard,03-03-2022,19-08-2022,158,3.7,0
181,Customer181,41,Male,Premium,04-04-2022,27-01-2023,466,4.1,1
182,Customer182,49,Female,Premium,10-05-2024,25-10-2024,223,4,0
183,Customer183,45,Male,Basic,21-06-2022,15-10-2022,385,3.9,0
184,Customer184,64,Male,Premium,25-01-2024,22-10-2024,178,3.8,1
185,Customer185,49,Male,Premium,14-01-2023,27-12-2023,487,1.5,0
186,Customer186,19,Female,Premium,05-03-2022,04-06-2022,421,3,0
187,Customer187,48,Female,Premium,05-03-2022,24-04-2022,298,2.3,1
188,Customer188,64,Male,Basic,09-09-2022,14-03-2023,250,3.9,1
189,Customer189,47,Female,Standard,25-05-2022,03-10-2022,470,4.2,0
190,Customer190,18,Female,Basic,24-06-2022,16-06-2023,477,4,1
191,Customer191,59,Male,Premium,08-02-2024,24-08-2024,418,3.9,1
192,Customer192,44,Female,Basic,13-05-2024,13-02-2025,338,3.1,0
193,Customer193,41,Male,Basic,12-06-2022,22-12-2022,225,4.6,0
194,Customer194,47,Female,Standard,03-12-2023,11-11-2024,344,3.3,0
195,Customer195,38,Female,Premium,27-05-2023,22-02-2024,391,2.6,1
196,Customer196,50,Male,Standard,27-08-2022,25-05-2023,472,4.6,0
197,Customer197,37,Female,Standard,04-04-2024,26-01-2025,171,2.3,0
198,Customer198,47,Male,Premium,24-09-2023,30-07-2024,469,4.4,1
199,Customer199,30,Female,Standard,15-07-2022,11-09-2022,467,2.5,1
200,Customer200,24,Male,Premium,03-02-2022,16-11-2022,48,1.3,0
201,Customer201,40,Male,Basic,15-10-2023,06-03-2024,21,4.9,0
202,Customer202,42,Female,Basic,02-07-2022,27-12-2022,85,2.7,0
203,Customer203,32,Female,Basic,05-07-2022,06-03-2023,27,4.7,1
204,Customer204,52,Female,Basic,06-08-2023,08-11-2023,443,4.8,0
205,Customer205,27,Female,Premium,08-09-2023,22-04-2024,110,4.3,0
206,Customer206,65,Male,Standard,22-05-2024,04-07-2024,371,4.6,0
207,Customer207,35,Male,Basic,13-09-2023,01-01-2024,411,1.7,0
208,Customer208,51,Male,Basic,20-08-2022,03-02-2023,142,3.7,0
209,Customer209,20,Female,Basic,14-01-2022,07-10-2022,123,2.7,0
210,Customer210,61,Male,Premium,26-07-2023,17-03-2024,470,3.8,0
211,Customer211,25,Male,Premium,02-05-2024,09-06-2024,247,3.6,0
212,Customer212,19,Male,Premium,31-05-2024,10-09-2024,306,4.9,1
213,Customer213,62,Male,Basic,05-08-2022,25-05-2023,60,4.4,0
214,Customer214,35,Male,Standard,01-01-2023,09-10-2023,353,2.8,1
215,Customer215,32,Female,Standard,20-06-2022,09-09-2022,37,4.3,0
216,Customer216,47,Male,Basic,13-01-2023,11-03-2023,492,3.2,1
217,Customer217,36,Female,Standard,19-12-2022,15-08-2023,128,2.3,0
218,Customer218,32,Female,Premium,05-04-2024,29-01-2025,197,1.5,1
219,Customer219,63,Female,Premium,04-04-2023,16-08-2023,267,1.8,1
220,Customer220,64,Male,Standard,30-12-2022,01-12-2023,245,1.2,0
221,Customer221,61,Male,Standard,05-04-2022,13-07-2022,110,4.9,0
222,Customer222,59,Female,Premium,02-12-2022,12-10-2023,43,4.2,0
223,Customer223,24,Male,Basic,30-01-2024,28-10-2024,230,2.6,0
224,Customer224,48,Male,Premium,17-05-2023,10-03-2024,427,1.3,1
225,Customer225,49,Male,Basic,04-10-2023,17-07-2024,468,3.1,0
226,Customer226,63,Male,Basic,23-10-2022,03-04-2023,463,1.8,0
227,Customer227,65,Male,Basic,07-10-2023,30-04-2024,341,3.9,1
228,Customer228,23,Male,Basic,13-08-2023,24-04-2024,470,2.3,0
229,Customer229,42,Male,Premium,18-02-2022,22-07-2022,402,1.3,0
230,Customer230,45,Male,Premium,10-11-2022,23-07-2023,191,4.1,1
231,Customer231,64,Female,Standard,04-07-2023,06-02-2024,216,2.5,0
232,Customer232,37,Male,Basic,20-04-2023,14-04-2024,195,2.6,0
233,Customer233,36,Female,Standard,20-05-2023,16-05-2024,103,3.6,0
234,Customer234,58,Male,Premium,13-09-2023,23-01-2024,384,3.9,1
235,Customer235,29,Female,Standard,28-09-2023,04-05-2024,414,4.8,0
236,Customer236,37,Male,Standard,26-02-2023,17-09-2023,154,1,0
237,Customer237,26,Female,Premium,28-01-2024,08-10-2024,429,4.5,1
238,Customer238,53,Female,Basic,27-05-2023,25-10-2023,423,2.3,1
239,Customer239,58,Male,Standard,14-07-2022,01-01-2023,54,3.8,0
240,Customer240,30,Female,Standard,24-05-2024,24-06-2024,46,4.9,0
241,Customer241,23,Male,Premium,23-10-2023,15-12-2023,355,4.5,1
242,Customer242,25,Female,Standard,08-12-2023,06-11-2024,248,4.5,0
243,Customer243,19,Male,Basic,02-12-2023,02-03-2024,200,3.4,0
244,Customer244,36,Male,Basic,15-07-2022,25-08-2022,90,1,0
245,Customer245,51,Male,Standard,29-04-2024,06-04-2025,415,4.8,1
246,Customer246,23,Female,Standard,31-07-2023,02-08-2023,56,1.5,1
247,Customer247,51,Female,Premium,05-06-2024,17-01-2025,418,4.8,1
248,Customer248,22,Male,Premium,23-08-2022,30-03-2023,13,3.2,0
249,Customer249,20,Male,Standard,19-06-2024,29-12-2024,460,4.4,1
250,Customer250,23,Male,Basic,11-01-2023,26-11-2023,146,1.6,1
251,Customer251,59,Male,Premium,21-12-2023,18-07-2024,415,2.9,0
252,Customer252,52,Male,Standard,17-07-2023,26-02-2024,222,1.9,1
253,Customer253,27,Male,Premium,03-04-2024,07-01-2025,49,3.5,0
254,Customer254,32,Male,Standard,21-09-2023,01-12-2023,289,1.7,1
255,Customer255,54,Male,Premium,08-02-2022,28-10-2022,41,3.7,1
256,Customer256,51,Female,Basic,30-04-2024,05-01-2025,181,1.1,1
257,Customer257,37,Male,Premium,07-06-2022,16-02-2023,418,4,1
258,Customer258,55,Female,Basic,27-03-2022,13-01-2023,380,2.5,1
259,Customer259,50,Female,Premium,14-12-2023,09-04-2024,128,3.9,0
260,Customer260,31,Female,Premium,30-10-2023,11-07-2024,227,1.9,0
261,Customer261,32,Female,Standard,09-05-2023,23-12-2023,254,2,1
262,Customer262,44,Male,Standard,22-07-2022,24-07-2022,40,1.8,1
263,Customer263,50,Female,Premium,16-11-2023,16-10-2024,101,2.9,1
264,Customer264,52,Female,Basic,05-06-2023,26-04-2024,277,4,0
265,Customer265,21,Male,Standard,10-05-2022,31-12-2022,20,3.6,0
266,Customer266,20,Female,Premium,08-02-2024,22-06-2024,217,2.5,0
267,Customer267,21,Female,Basic,08-03-2024,16-07-2024,374,4.7,0
268,Customer268,36,Female,Basic,16-06-2022,09-07-2022,252,1,0
269,Customer269,55,Male,Basic,04-10-2023,11-02-2024,433,3.1,0
270,Customer270,31,Male,Premium,26-03-2024,28-02-2025,355,2.3,1
271,Customer271,35,Female,Premium,11-02-2023,07-11-2023,265,4.4,0
272,Customer272,22,Male,Premium,28-01-2024,12-09-2024,252,5,0
273,Customer273,56,Male,Standard,31-03-2022,04-01-2023,153,3.9,0
274,Customer274,62,Male,Premium,13-09-2023,22-07-2024,292,1.7,0
275,Customer275,39,Male,Standard,02-01-2024,20-07-2024,302,1.4,1
276,Customer276,23,Male,Basic,20-12-2023,11-10-2024,14,1.1,1
277,Customer277,63,Female,Basic,23-12-2023,13-04-2024,90,2.3,1
278,Customer278,41,Male,Standard,11-06-2024,01-10-2024,439,3.4,1
279,Customer279,18,Male,Basic,27-05-2022,06-03-2023,45,2.1,0
280,Customer280,65,Male,Basic,22-02-2022,25-12-2022,314,3.3,0
281,Customer281,27,Male,Basic,14-11-2022,30-11-2022,470,3.6,1
282,Customer282,18,Female,Basic,24-01-2024,21-03-2024,22,3.2,1
283,Customer283,57,Female,Standard,25-12-2023,04-12-2024,413,2.5,1
284,Customer284,43,Female,Premium,14-03-2022,12-07-2022,70,2.4,1
285,Customer285,34,Male,Basic,08-08-2022,21-04-2023,331,2.9,1
286,Customer286,19,Male,Standard,24-08-2023,06-09-2023,433,2,1
287,Customer287,44,Female,Basic,06-11-2023,01-03-2024,223,3.6,1
288,Customer288,49,Female,Premium,25-12-2022,06-12-2023,13,2.5,0
289,Customer289,50,Male,Basic,03-11-2023,24-04-2024,70,2.9,0
290,Customer290,25,Female,Premium,09-04-2022,11-03-2023,216,2.4,1
291,Customer291,58,Male,Premium,27-11-2023,17-11-2024,253,1.8,0
292,Customer292,23,Male,Premium,18-06-2024,04-11-2024,391,1.5,0
293,Customer293,53,Male,Basic,06-06-2024,28-08-2024,469,4.5,0
294,Customer294,30,Male,Premium,12-04-2022,18-01-2023,254,2.2,0
295,Customer295,18,Male,Basic,19-02-2023,05-03-2023,232,2.8,0
296,Customer296,55,Female,Standard,25-06-2023,16-06-2024,380,2.9,1
297,Customer297,55,Female,Premium,10-03-2022,30-06-2022,273,4.3,0
298,Customer298,31,Male,Standard,03-09-2023,14-07-2024,470,4.2,1
299,Customer299,59,Female,Premium,17-02-2022,10-10-2022,378,2,1
300,Customer300,36,Male,Basic,16-07-2023,15-06-2024,345,4.1,0
301,Customer301,31,Female,Premium,31-12-2023,12-04-2024,362,3.9,1
302,Customer302,60,Male,Basic,19-02-2024,20-09-2024,257,3.8,0
303,Customer303,45,Male,Premium,01-05-2022,23-03-2023,214,1.8,1
304,Customer304,31,Male,Standard,09-06-2022,31-03-2023,181,2.9,1
305,Customer305,62,Male,Basic,16-05-2024,29-01-2025,146,4.6,0
306,Customer306,63,Female,Premium,29-04-2023,16-11-2023,469,3.8,1
307,Customer307,30,Female,Standard,11-10-2023,30-12-2023,135,4.5,0
308,Customer308,54,Male,Premium,14-02-2024,24-10-2024,453,1.3,0
309,Customer309,56,Male,Basic,29-06-2022,10-05-2023,110,2.4,1
310,Customer310,22,Female,Basic,17-07-2022,18-09-2022,423,2.3,0
311,Customer311,63,Female,Premium,13-10-2022,24-03-2023,405,3.3,0
312,Customer312,36,Female,Premium,02-09-2022,21-02-2023,210,4.4,0
313,Customer313,33,Female,Premium,14-02-2023,31-12-2023,375,4.4,1
314,Customer314,42,Female,Basic,15-10-2022,09-01-2023,9,1.9,1
315,Customer315,38,Male,Premium,28-06-2022,16-11-2022,273,1.4,1
316,Customer316,36,Male,Premium,29-06-2023,07-07-2023,466,3.6,1
317,Customer317,48,Female,Basic,15-04-2024,04-07-2024,493,1.9,1
318,Customer318,49,Male,Basic,08-01-2022,13-05-2022,291,4.5,1
319,Customer319,27,Male,Basic,05-08-2022,13-10-2022,370,3.8,1
320,Customer320,19,Female,Premium,11-03-2024,16-11-2024,215,1.3,1
321,Customer321,22,Male,Basic,16-03-2023,16-07-2023,233,4.2,0
322,Customer322,55,Female,Basic,22-04-2024,07-08-2024,258,3.9,1
323,Customer323,63,Male,Standard,23-10-2022,23-06-2023,251,3,1
324,Customer324,23,Male,Basic,15-01-2024,25-10-2024,217,3.6,0
325,Customer325,42,Female,Basic,28-02-2022,10-05-2022,158,4.2,0
326,Customer326,18,Female,Basic,31-03-2023,17-01-2024,239,3.4,1
327,Customer327,39,Female,Standard,12-11-2023,08-09-2024,132,4.5,1
328,Customer328,43,Male,Premium,10-04-2023,09-06-2023,463,4.6,1
329,Customer329,56,Female,Premium,14-06-2024,16-02-2025,67,1.6,1
330,Customer330,39,Male,Premium,13-04-2022,12-06-2022,231,3.2,1
331,Customer331,33,Female,Premium,13-12-2023,25-11-2024,260,4.6,0
332,Customer332,63,Female,Basic,30-04-2022,21-04-2023,482,2.2,0
333,Customer333,35,Female,Basic,29-07-2022,17-07-2023,37,4.5,0
334,Customer334,27,Female,Premium,17-05-2022,27-11-2022,313,1.7,1
335,Customer335,50,Male,Standard,30-06-2022,26-04-2023,264,3.8,1
336,Customer336,63,Female,Basic,24-02-2023,30-08-2023,285,1.8,0
337,Customer337,44,Female,Basic,09-04-2022,25-04-2022,256,1.2,0
338,Customer338,29,Female,Premium,11-11-2023,11-02-2024,36,5,1
339,Customer339,51,Male,Basic,11-03-2024,25-11-2024,441,2.3,0
340,Customer340,32,Female,Basic,09-09-2023,15-09-2023,58,1.5,0
341,Customer341,45,Female,Premium,13-07-2023,18-03-2024,298,2.4,0
342,Customer342,46,Female,Standard,01-10-2022,02-01-2023,460,2.7,1
343,Customer343,57,Male,Premium,11-03-2023,29-05-2023,483,4.1,0
344,Customer344,50,Male,Standard,24-01-2022,18-06-2022,416,3.2,0
345,Customer345,38,Male,Premium,19-09-2022,04-02-2023,254,2.9,0
346,Customer346,29,Male,Premium,26-01-2022,14-02-2022,37,1.4,1
347,Customer347,54,Male,Basic,13-12-2022,29-04-2023,67,1.1,0
348,Customer348,65,Male,Standard,14-02-2024,31-03-2024,457,2,1
349,Customer349,50,Male,Premium,27-05-2022,31-10-2022,159,1.9,0
350,Customer350,35,Male,Standard,17-12-2023,20-09-2024,98,2.3,0
351,Customer351,29,Female,Basic,15-04-2024,05-10-2024,193,1.2,0
352,Customer352,43,Male,Premium,25-03-2023,27-07-2023,463,4.1,0
353,Customer353,59,Male,Standard,11-04-2024,30-11-2024,379,4.6,0
354,Customer354,54,Female,Standard,29-10-2022,03-01-2023,296,3,0
355,Customer355,18,Male,Standard,13-06-2023,06-06-2024,432,2.4,0
356,Customer356,26,Male,Premium,29-11-2023,10-10-2024,214,3.3,1
357,Customer357,31,Female,Premium,18-12-2023,09-03-2024,199,2.2,0
358,Customer358,27,Female,Basic,31-07-2023,12-09-2023,366,3.9,0
359,Customer359,58,Female,Premium,06-10-2022,22-07-2023,277,1.6,1
360,Customer360,28,Male,Standard,10-06-2024,24-03-2025,278,1.8,1
361,Customer361,55,Male,Standard,24-08-2023,09-05-2024,219,5,1
362,Customer362,44,Female,Premium,11-01-2024,17-03-2024,340,1.3,0
363,Customer363,41,Female,Basic,08-01-2024,21-07-2024,103,2.7,0
364,Customer364,48,Male,Basic,31-08-2022,29-05-2023,464,1.4,1
365,Customer365,24,Female,Premium,28-01-2023,13-04-2023,393,4.3,1
366,Customer366,63,Female,Premium,01-01-2022,15-01-2022,190,2,1
367,Customer367,18,Male,Basic,27-12-2023,16-07-2024,71,4.1,1
368,Customer368,44,Male,Basic,04-03-2024,21-09-2024,245,2.5,0
369,Customer369,63,Female,Premium,09-06-2023,24-11-2023,332,4.7,1
370,Customer370,38,Female,Basic,06-06-2024,01-08-2024,176,3,1
371,Customer371,63,Male,Premium,12-08-2022,26-10-2022,95,3.5,1
372,Customer372,54,Male,Standard,23-05-2024,23-09-2024,488,4.8,1
373,Customer373,45,Male,Standard,20-03-2024,11-09-2024,214,1.2,1
374,Customer374,63,Male,Premium,27-05-2023,23-11-2023,14,4.4,0
375,Customer375,32,Male,Premium,12-09-2022,04-03-2023,30,4.8,1
376,Customer376,36,Male,Premium,14-01-2022,31-01-2022,309,2,1
377,Customer377,55,Male,Premium,04-02-2022,26-06-2022,495,2.8,0
378,Customer378,32,Male,Basic,01-12-2022,03-05-2023,459,1.3,0
379,Customer379,18,Male,Premium,09-05-2023,12-08-2023,36,3.1,1
380,Customer380,44,Male,Basic,10-01-2022,11-11-2022,299,4.8,0
381,Customer381,34,Male,Basic,16-03-2023,08-01-2024,376,4.3,1
382,Customer382,21,Female,Premium,28-05-2024,01-07-2024,236,2.3,0
383,Customer383,54,Male,Basic,17-05-2022,17-03-2023,279,1.9,0
384,Customer384,20,Female,Basic,15-01-2023,27-06-2023,274,1.2,0
385,Customer385,58,Male,Standard,05-01-2022,03-07-2022,290,1.7,1
386,Customer386,52,Male,Standard,16-09-2023,11-03-2024,45,3,1
387,Customer387,18,Male,Standard,03-03-2023,15-10-2023,40,2.7,0
388,Customer388,54,Male,Standard,25-08-2023,20-06-2024,311,3.3,0
389,Customer389,46,Male,Standard,08-03-2024,15-03-2024,258,3,0
390,Customer390,40,Male,Standard,06-01-2024,22-01-2024,200,3,0
391,Customer391,19,Male,Standard,08-01-2022,05-08-2022,450,4.5,1
392,Customer392,41,Male,Standard,25-04-2023,30-09-2023,162,2.8,1
393,Customer393,20,Female,Premium,17-03-2024,02-03-2025,484,2.4,1
394,Customer394,60,Female,Premium,17-01-2023,27-07-2023,453,1.2,0
395,Customer395,55,Male,Basic,19-01-2024,08-04-2024,201,4,1
396,Customer396,60,Male,Premium,09-06-2022,02-09-2022,394,2.2,1
397,Customer397,36,Female,Standard,15-06-2022,28-12-2022,100,4.3,1
398,Customer398,62,Female,Standard,04-06-2024,04-01-2025,420,1.4,1
399,Customer399,64,Female,Premium,30-10-2022,15-11-2022,219,1.3,1
400,Customer400,23,Male,Basic,14-11-2023,21-05-2024,483,4.3,0
401,Customer401,56,Male,Standard,25-02-2023,16-04-2023,268,3.6,1
402,Customer402,18,Male,Basic,25-06-2023,03-10-2023,447,4.1,0
403,Customer403,30,Male,Standard,05-01-2023,29-04-2023,331,4.3,1
404,Customer404,30,Male,Basic,03-04-2022,18-01-2023,94,2.1,0
405,Customer405,23,Female,Basic,24-02-2024,07-03-2024,356,1.6,1
406,Customer406,62,Male,Premium,29-08-2023,13-02-2024,25,2.4,0
407,Customer407,64,Female,Standard,29-01-2023,11-05-2023,224,3.6,0
408,Customer408,58,Male,Standard,20-08-2022,08-08-2023,13,2.5,1
409,Customer409,23,Male,Basic,18-02-2022,02-02-2023,427,2.7,0
410,Customer410,29,Female,Basic,02-06-2024,31-12-2024,185,3.1,0
411,Customer411,52,Male,Standard,16-04-2024,16-03-2025,261,2.7,0
412,Customer412,58,Male,Basic,09-02-2022,02-06-2022,122,3.6,1
413,Customer413,33,Male,Standard,22-03-2024,12-06-2024,335,2.9,0
414,Customer414,56,Female,Basic,02-03-2024,16-03-2024,185,3.4,1
415,Customer415,64,Male,Premium,22-06-2023,10-05-2024,71,1.8,0
416,Customer416,38,Male,Premium,01-07-2023,14-05-2024,231,5,1
417,Customer417,34,Female,Premium,13-11-2023,31-07-2024,381,3.7,1
418,Customer418,39,Female,Premium,11-11-2022,08-06-2023,116,2.9,1
419,Customer419,26,Female,Standard,10-02-2023,02-07-2023,134,2.2,1
420,Customer420,51,Male,Basic,17-03-2023,06-03-2024,14,4.6,0
421,Customer421,50,Male,Premium,13-08-2022,25-08-2022,77,3.9,0
422,Customer422,45,Female,Basic,22-12-2022,14-04-2023,132,3.2,0
423,Customer423,59,Male,Standard,30-08-2022,06-09-2022,109,3.9,0
424,Customer424,44,Male,Premium,25-11-2022,13-09-2023,420,1.8,0
425,Customer425,19,Male,Standard,01-03-2024,10-05-2024,170,4.2,1
426,Customer426,51,Female,Standard,19-12-2022,19-03-2023,103,2.8,0
427,Customer427,62,Male,Premium,13-07-2023,01-11-2023,417,4.2,0
428,Customer428,54,Female,Basic,07-06-2023,02-04-2024,105,1.4,0
429,Customer429,54,Female,Basic,05-07-2023,15-02-2024,122,2.9,1
430,Customer430,28,Female,Basic,21-06-2022,11-04-2023,423,4.8,0
431,Customer431,26,Female,Standard,14-09-2022,17-09-2022,284,1.7,0
432,Customer432,44,Male,Standard,26-11-2023,30-01-2024,194,2.6,1
433,Customer433,36,Female,Standard,15-11-2022,24-06-2023,18,4.4,0
434,Customer434,53,Male,Premium,29-01-2022,23-01-2023,111,2.7,0
435,Customer435,25,Male,Standard,25-02-2024,19-10-2024,276,3.7,1
436,Customer436,63,Male,Basic,10-08-2023,21-02-2024,400,1.1,0
437,Customer437,44,Female,Standard,23-12-2022,18-09-2023,189,5,1
438,Customer438,52,Male,Premium,06-01-2024,20-05-2024,106,4.6,0
439,Customer439,22,Male,Standard,31-03-2022,24-09-2022,220,1.5,1
440,Customer440,49,Female,Standard,03-07-2022,24-02-2023,176,3.1,0
441,Customer441,36,Male,Standard,02-05-2023,17-10-2023,352,1.9,1
442,Customer442,62,Male,Premium,20-05-2024,22-04-2025,382,2.5,0
443,Customer443,55,Female,Standard,02-11-2023,26-05-2024,132,1.1,0
444,Customer444,27,Female,Premium,17-08-2023,13-03-2024,331,3.7,1
445,Customer445,22,Male,Basic,03-09-2023,06-07-2024,94,2.7,0
446,Customer446,23,Male,Standard,12-09-2023,27-04-2024,241,1.9,1
447,Customer447,50,Male,Basic,03-03-2022,27-01-2023,354,2.2,1
448,Customer448,50,Male,Standard,06-01-2024,16-01-2024,13,1.5,0
449,Customer449,26,Male,Premium,23-01-2024,08-04-2024,230,3.9,1
450,Customer450,30,Female,Standard,16-06-2022,16-06-2023,261,2.6,0
451,Customer451,59,Male,Basic,24-12-2022,09-10-2023,451,3.2,0
452,Customer452,26,Male,Basic,26-08-2023,23-12-2023,383,3.5,0
453,Customer453,60,Female,Standard,05-03-2024,24-04-2024,163,3.3,0
454,Customer454,38,Male,Standard,06-02-2023,02-04-2023,176,4.6,0
455,Customer455,47,Male,Premium,24-07-2022,05-04-2023,217,1.5,1
456,Customer456,41,Male,Premium,05-03-2022,04-11-2022,64,2.6,0
457,Customer457,34,Female,Premium,27-07-2023,07-12-2023,193,1.2,0
458,Customer458,20,Male,Standard,03-01-2022,19-08-2022,68,2.1,0
459,Customer459,36,Male,Premium,04-04-2022,25-06-2022,282,1.5,1
460,Customer460,41,Male,Basic,01-07-2022,04-09-2022,3,1.5,0
461,Customer461,35,Female,Standard,18-02-2022,06-02-2023,120,2.2,0
462,Customer462,24,Male,Premium,30-05-2023,03-09-2023,275,3.5,0
463,Customer463,64,Female,Premium,19-09-2023,24-04-2024,208,4.4,0
464,Customer464,47,Male,Premium,08-11-2022,12-09-2023,66,1.2,1
465,Customer465,54,Male,Premium,21-01-2022,23-06-2022,43,1.6,0
466,Customer466,45,Male,Standard,08-03-2024,10-05-2024,399,4.6,1
467,Customer467,27,Female,Premium,27-08-2022,13-01-2023,291,2.3,0
468,Customer468,29,Male,Basic,16-09-2023,09-07-2024,459,2.3,1
469,Customer469,35,Male,Standard,08-09-2022,06-07-2023,335,2.6,0
470,Customer470,40,Female,Premium,28-12-2023,22-06-2024,177,3.7,1
471,Customer471,58,Female,Premium,20-07-2023,22-09-2023,365,3.3,1
472,Customer472,49,Male,Standard,18-04-2022,20-10-2022,442,4.8,1
473,Customer473,48,Male,Premium,14-05-2023,08-04-2024,280,1.2,1
474,Customer474,51,Female,Premium,17-06-2022,05-10-2022,316,3,0
475,Customer475,24,Female,Premium,12-10-2022,08-06-2023,467,2.1,0
476,Customer476,25,Female,Standard,08-02-2022,26-06-2022,181,1.9,1
477,Customer477,30,Male,Premium,04-03-2023,16-04-2023,33,4.9,1
478,Customer478,53,Female,Premium,12-08-2023,15-06-2024,172,3,1
479,Customer479,61,Male,Standard,20-02-2023,23-12-2023,382,3.6,0
480,Customer480,24,Male,Standard,13-04-2024,13-04-2024,430,3.1,1
481,Customer481,34,Male,Premium,27-06-2022,05-10-2022,424,2.7,1
482,Customer482,43,Male,Standard,23-11-2023,23-10-2024,267,2.9,0
483,Customer483,56,Male,Standard,02-09-2023,05-05-2024,246,4.5,0
484,Customer484,25,Female,Basic,01-06-2024,20-01-2025,408,1.3,1
485,Customer485,43,Female,Basic,05-01-2022,18-12-2022,44,2.8,0
486,Customer486,51,Male,Basic,12-08-2023,15-02-2024,13,4,1
487,Customer487,20,Female,Standard,02-05-2023,31-01-2024,30,3.1,0
488,Customer488,60,Male,Standard,28-04-2022,15-08-2022,209,2.1,0
489,Customer489,37,Female,Premium,01-12-2022,10-01-2023,334,2.1,1
490,Customer490,19,Female,Basic,21-09-2023,12-04-2024,77,3.4,1
491,Customer491,43,Female,Premium,25-11-2023,31-12-2023,164,1.9,1
492,Customer492,25,Female,Standard,07-03-2022,31-03-2022,142,1.2,1
493,Customer493,39,Female,Premium,03-02-2024,11-09-2024,241,1.1,0
494,Customer494,62,Male,Standard,20-11-2022,11-12-2022,171,1.6,1
495,Customer495,45,Female,Basic,25-02-2023,11-07-2023,175,2.2,1
496,Customer496,60,Female,Basic,11-07-2023,18-06-2024,177,4.2,0
497,Customer497,41,Male,Premium,15-01-2023,08-07-2023,333,4.8,0
498,Customer498,19,Male,Premium,25-10-2022,11-07-2023,347,1.3,1
499,Customer499,55,Male,Basic,09-05-2022,05-01-2023,476,2.9,0
500,Customer500,55,Male,Standard,16-01-2023,17-04-2023,41,1.8,1
501,Customer501,18,Male,Basic,07-10-2023,01-05-2024,473,3.4,0
502,Customer502,37,Female,Premium,30-10-2022,25-09-2023,96,5,1
503,Customer503,50,Female,Standard,21-08-2023,29-11-2023,119,2.8,1
504,Customer504,39,Male,Basic,30-10-2023,29-11-2023,152,1.5,1
505,Customer505,20,Female,Standard,30-10-2022,02-09-2023,166,1.9,1
506,Customer506,52,Male,Basic,28-12-2022,09-02-2023,361,3,1
507,Customer507,57,Female,Premium,20-01-2024,09-03-2024,106,4.2,0
508,Customer508,65,Female,Standard,24-12-2023,09-09-2024,477,2.3,0
509,Customer509,59,Female,Premium,06-12-2023,23-02-2024,358,4.8,0
510,Customer510,27,Male,Premium,22-03-2022,29-05-2022,382,1.8,1
511,Customer511,46,Female,Premium,10-03-2024,05-02-2025,40,1.2,1
512,Customer512,51,Female,Premium,23-09-2023,28-03-2024,304,1.3,1
513,Customer513,36,Female,Standard,30-04-2022,25-10-2022,138,4.1,0
514,Customer514,45,Male,Premium,14-01-2024,04-12-2024,37,1.6,1
515,Customer515,25,Male,Basic,08-01-2024,15-08-2024,498,3.7,1
516,Customer516,64,Female,Standard,14-01-2023,17-11-2023,347,1.6,0
517,Customer517,64,Male,Standard,24-05-2022,20-12-2022,127,4.9,1
518,Customer518,65,Female,Standard,18-08-2023,04-01-2024,352,1.4,1
519,Customer519,38,Male,Standard,28-01-2023,29-04-2023,280,4.9,1
520,Customer520,22,Male,Premium,08-04-2023,12-02-2024,472,1,1
521,Customer521,23,Female,Standard,21-10-2023,15-11-2023,396,4.3,0
522,Customer522,48,Female,Standard,31-01-2022,12-11-2022,130,1.5,1
523,Customer523,18,Female,Basic,20-07-2023,07-01-2024,359,4.5,0
524,Customer524,57,Male,Standard,23-12-2022,17-02-2023,333,4.2,1
525,Customer525,65,Female,Standard,08-11-2022,27-07-2023,258,3.4,0
526,Customer526,58,Female,Basic,22-04-2023,08-01-2024,68,3.4,1
527,Customer527,28,Female,Standard,22-05-2024,29-03-2025,159,2.5,0
528,Customer528,44,Male,Premium,26-09-2023,27-03-2024,134,2,0
529,Customer529,54,Female,Basic,20-01-2022,20-05-2022,48,4.7,1
530,Customer530,23,Female,Standard,24-11-2022,19-10-2023,7,1.3,1
531,Customer531,18,Male,Premium,15-10-2023,17-10-2023,495,4.2,1
532,Customer532,45,Male,Standard,23-03-2023,02-01-2024,82,3.9,1
533,Customer533,43,Male,Premium,27-05-2022,03-09-2022,215,3.7,0
534,Customer534,65,Male,Premium,19-10-2022,17-07-2023,146,1.8,0
535,Customer535,28,Female,Standard,10-03-2023,27-12-2023,328,2.6,0
536,Customer536,63,Female,Standard,17-05-2023,21-10-2023,65,3,0
537,Customer537,59,Male,Standard,02-02-2024,16-03-2024,78,3.2,0
538,Customer538,46,Male,Standard,17-07-2022,05-11-2022,319,1.9,1
539,Customer539,27,Female,Basic,13-12-2023,08-12-2024,304,2.8,1
540,Customer540,43,Male,Basic,06-10-2022,27-10-2022,200,2.4,0
541,Customer541,19,Male,Standard,21-06-2023,21-04-2024,75,4.7,1
542,Customer542,64,Female,Premium,18-10-2023,11-09-2024,466,3.3,0
543,Customer543,44,Male,Standard,01-09-2023,30-09-2023,46,3.9,0
544,Customer544,55,Female,Basic,16-06-2024,02-04-2025,219,2.8,0
545,Customer545,33,Male,Basic,16-01-2022,28-12-2022,129,2.8,0
546,Customer546,42,Female,Basic,22-06-2023,31-03-2024,22,3,0
547,Customer547,18,Female,Standard,06-05-2022,25-12-2022,16,3.2,1
548,Customer548,31,Female,Basic,05-07-2022,27-02-2023,140,1.9,1
549,Customer549,63,Female,Premium,28-04-2023,29-11-2023,235,3.9,1
550,Customer550,32,Male,Basic,15-12-2022,30-01-2023,216,5,0
551,Customer551,33,Male,Basic,30-07-2023,14-10-2023,242,1.3,0
552,Customer552,18,Female,Basic,22-03-2024,04-08-2024,1,3.7,0
553,Customer553,56,Female,Standard,20-10-2022,22-08-2023,270,1.5,1
554,Customer554,21,Male,Basic,13-11-2023,06-01-2024,189,1.1,1
555,Customer555,42,Male,Premium,31-10-2022,19-06-2023,23,4.9,1
556,Customer556,31,Female,Basic,17-01-2024,03-02-2024,328,3.6,1
557,Customer557,51,Female,Premium,09-09-2022,24-09-2022,63,4.6,1
558,Customer558,57,Male,Standard,08-01-2023,17-01-2023,344,1.4,0
559,Customer559,55,Female,Basic,19-01-2024,06-08-2024,11,4.5,0
560,Customer560,24,Male,Basic,26-10-2023,10-01-2024,21,1.1,1
561,Customer561,28,Male,Standard,03-04-2024,05-04-2024,95,3.8,0
562,Customer562,19,Female,Basic,19-05-2022,07-06-2022,36,1.4,0
563,Customer563,48,Male,Premium,15-02-2022,13-08-2022,5,4.1,0
564,Customer564,18,Male,Premium,11-07-2022,31-01-2023,249,3.9,1
565,Customer565,29,Female,Premium,06-07-2023,21-06-2024,203,3.6,0
566,Customer566,20,Female,Premium,16-11-2022,21-12-2022,426,4.8,0
567,Customer567,41,Female,Standard,08-08-2022,14-09-2022,385,1.7,1
568,Customer568,41,Male,Standard,30-04-2024,10-05-2024,339,1.5,0
569,Customer569,56,Male,Standard,02-05-2022,25-02-2023,460,3.7,0
570,Customer570,22,Male,Standard,25-01-2022,19-11-2022,305,3.2,1
571,Customer571,42,Female,Premium,28-08-2023,21-02-2024,365,4.2,1
572,Customer572,46,Female,Standard,08-11-2023,23-03-2024,273,2.3,0
573,Customer573,54,Male,Basic,17-04-2023,09-11-2023,458,1,1
574,Customer574,58,Male,Basic,08-09-2023,10-08-2024,64,3.2,0
575,Customer575,36,Female,Basic,12-04-2022,09-11-2022,184,2.2,0
576,Customer576,64,Male,Premium,10-06-2023,24-12-2023,90,2.8,0
577,Customer577,50,Male,Standard,10-01-2023,17-04-2023,39,3.2,0
578,Customer578,29,Male,Premium,31-12-2022,15-05-2023,87,3.1,0
579,Customer579,55,Male,Basic,16-02-2022,08-06-2022,282,2.1,0
580,Customer580,29,Female,Basic,20-08-2023,13-02-2024,201,4.1,0
581,Customer581,37,Male,Basic,25-12-2022,07-05-2023,367,1.2,0
582,Customer582,25,Female,Basic,04-08-2022,11-08-2022,400,4.4,0
583,Customer583,23,Female,Standard,25-02-2024,12-02-2025,130,1.6,0
584,Customer584,37,Female,Standard,02-05-2024,08-10-2024,38,1.3,0
585,Customer585,48,Female,Standard,26-05-2023,19-02-2024,85,3.3,1
586,Customer586,39,Male,Standard,20-10-2023,25-11-2023,367,1.8,1
587,Customer587,59,Male,Premium,01-02-2023,29-07-2023,359,4.4,1
588,Customer588,23,Female,Basic,22-01-2024,28-03-2024,337,3.4,1
589,Customer589,24,Female,Standard,22-10-2023,01-04-2024,369,1.3,0
590,Customer590,41,Male,Basic,20-11-2022,11-04-2023,495,4.9,0
591,Customer591,34,Female,Basic,18-09-2022,25-05-2023,207,2.5,0
592,Customer592,35,Female,Premium,12-11-2022,03-07-2023,392,2.5,0
593,Customer593,37,Male,Premium,14-06-2024,10-09-2024,411,2.3,0
594,Customer594,49,Female,Premium,27-02-2022,12-08-2022,196,2,0
595,Customer595,27,Male,Standard,16-02-2023,29-07-2023,17,4.4,0
596,Customer596,20,Female,Basic,12-06-2024,22-01-2025,437,3,0
597,Customer597,54,Male,Premium,18-03-2022,16-05-2022,257,4.1,0
598,Customer598,64,Female,Premium,25-09-2023,09-12-2023,258,1.5,0
599,Customer599,59,Male,Standard,19-10-2022,17-10-2023,16,5,1
600,Customer600,22,Female,Standard,28-10-2023,26-11-2023,1,4.4,1
601,Customer601,40,Female,Basic,22-05-2022,09-09-2022,186,4.5,1
602,Customer602,64,Female,Standard,16-04-2024,18-06-2024,427,1.3,0
603,Customer603,35,Male,Premium,28-01-2024,19-02-2024,399,3.5,1
604,Customer604,59,Male,Standard,27-04-2024,09-08-2024,173,1.3,0
605,Customer605,58,Male,Basic,07-06-2022,11-12-2022,145,2.3,0
606,Customer606,56,Female,Basic,11-10-2022,11-08-2023,273,3,0
607,Customer607,29,Female,Basic,02-04-2023,17-06-2023,308,3,0
608,Customer608,28,Female,Basic,08-01-2022,11-06-2022,15,2.4,1
609,Customer609,19,Female,Standard,26-12-2023,28-09-2024,492,3.9,0
610,Customer610,19,Female,Basic,23-06-2023,13-12-2023,335,4.1,1
611,Customer611,28,Female,Premium,26-01-2023,22-02-2023,438,4.3,1
612,Customer612,39,Female,Standard,16-11-2022,01-07-2023,384,2.1,1
613,Customer613,59,Female,Premium,09-03-2022,06-12-2022,143,1.9,1
614,Customer614,25,Male,Premium,01-04-2023,28-06-2023,451,2,1
615,Customer615,60,Male,Standard,22-02-2024,11-12-2024,84,2,0
616,Customer616,46,Male,Premium,18-08-2022,07-01-2023,313,1.8,0
617,Customer617,39,Male,Standard,10-11-2022,17-06-2023,366,1,0
618,Customer618,42,Female,Standard,28-02-2024,07-01-2025,274,1.4,1
619,Customer619,45,Female,Premium,13-03-2024,05-06-2024,410,2,0
620,Customer620,57,Male,Premium,29-03-2022,28-07-2022,54,4.6,1
621,Customer621,42,Female,Standard,28-08-2023,03-09-2023,314,1.5,1
622,Customer622,21,Female,Premium,13-06-2022,12-12-2022,177,3.2,1
623,Customer623,43,Female,Standard,16-10-2023,30-06-2024,254,4.9,0
624,Customer624,18,Female,Standard,20-09-2022,06-06-2023,362,2.9,1
625,Customer625,19,Female,Premium,23-03-2024,15-09-2024,241,2,0
626,Customer626,53,Female,Basic,05-02-2023,26-12-2023,441,2.6,0
627,Customer627,64,Male,Basic,01-04-2022,30-04-2022,384,2.8,0
628,Customer628,24,Male,Basic,23-06-2023,01-08-2023,340,2.7,1
629,Customer629,55,Female,Premium,07-07-2023,09-12-2023,325,3.1,0
630,Customer630,37,Male,Standard,11-10-2022,09-02-2023,107,3.3,1
631,Customer631,62,Male,Basic,29-05-2022,24-05-2023,340,2.5,0
632,Customer632,20,Female,Standard,10-12-2023,05-07-2024,237,5,1
633,Customer633,24,Female,Premium,16-08-2023,23-12-2023,321,4.1,1
634,Customer634,28,Male,Basic,27-09-2023,11-10-2023,303,3.1,0
635,Customer635,23,Female,Standard,16-06-2024,11-06-2025,499,5,0
636,Customer636,43,Female,Basic,09-09-2023,10-11-2023,479,4.4,1
637,Customer637,49,Male,Premium,07-03-2023,03-10-2023,122,4.3,1
638,Customer638,30,Female,Standard,31-05-2024,18-12-2024,38,4.9,1
639,Customer639,45,Female,Premium,09-07-2023,04-08-2023,373,1.6,0
640,Customer640,24,Female,Basic,03-04-2022,26-04-2022,421,4,1
641,Customer641,46,Male,Premium,20-02-2023,07-11-2023,89,3.4,0
642,Customer642,23,Female,Standard,03-03-2022,18-12-2022,297,3.5,1
643,Customer643,49,Male,Standard,04-05-2023,30-06-2023,345,2.7,0
644,Customer644,28,Female,Basic,25-01-2022,25-02-2022,251,1.3,0
645,Customer645,58,Female,Premium,26-06-2022,07-12-2022,473,2.9,0
646,Customer646,34,Male,Basic,20-01-2023,09-12-2023,435,2.9,1
647,Customer647,19,Female,Standard,13-05-2023,07-05-2024,106,2.4,0
648,Customer648,61,Male,Standard,30-03-2023,08-06-2023,101,2.7,1
649,Customer649,42,Male,Standard,05-01-2022,10-10-2022,243,3.9,0
650,Customer650,34,Female,Premium,07-05-2024,16-06-2024,290,3.7,1
651,Customer651,18,Male,Basic,24-04-2022,16-09-2022,178,1.9,0
652,Customer652,38,Female,Basic,27-02-2024,09-05-2024,153,2,0
653,Customer653,42,Male,Premium,26-01-2024,19-09-2024,128,2.3,0
654,Customer654,28,Female,Standard,31-08-2023,04-01-2024,235,4.4,0
655,Customer655,46,Male,Basic,16-09-2023,06-07-2024,344,4.5,0
656,Customer656,29,Female,Standard,15-12-2022,28-04-2023,460,1.1,0
657,Customer657,56,Male,Standard,03-12-2023,28-05-2024,372,1.4,1
658,Customer658,48,Male,Basic,17-02-2024,05-09-2024,398,2.8,1
659,Customer659,28,Male,Basic,06-03-2023,25-02-2024,81,1,1
660,Customer660,56,Male,Basic,21-03-2023,04-12-2023,115,2.5,1
661,Customer661,56,Female,Standard,09-07-2023,17-09-2023,392,2.2,0
662,Customer662,23,Female,Basic,27-04-2023,05-06-2023,58,1.3,1
663,Customer663,46,Female,Basic,10-10-2022,02-08-2023,264,2.7,0
664,Customer664,21,Male,Premium,28-07-2023,25-05-2024,319,2.7,0
665,Customer665,34,Male,Standard,31-12-2023,13-11-2024,205,2.9,1
666,Customer666,54,Male,Basic,08-01-2022,27-07-2022,159,3.2,0
667,Customer667,46,Female,Standard,18-01-2022,06-06-2022,152,2.2,1
668,Customer668,64,Female,Standard,12-09-2022,03-09-2023,76,1.4,0
669,Customer669,55,Male,Standard,02-06-2023,24-11-2023,287,4.6,0
670,Customer670,42,Female,Standard,02-05-2023,10-09-2023,257,3.3,1
671,Customer671,60,Male,Basic,02-05-2023,16-07-2023,89,4.5,0
672,Customer672,35,Female,Basic,27-02-2022,22-04-2022,283,4.6,1
673,Customer673,33,Female,Premium,27-04-2022,17-08-2022,192,1.5,1
674,Customer674,55,Female,Basic,26-12-2022,01-08-2023,124,4.1,0
675,Customer675,37,Male,Premium,06-11-2022,04-11-2023,65,2.9,0
676,Customer676,30,Male,Standard,27-11-2023,22-12-2023,2,2.1,1
677,Customer677,53,Female,Standard,04-01-2024,28-12-2024,58,4.1,1
678,Customer678,22,Male,Standard,23-11-2022,28-06-2023,191,1.8,0
679,Customer679,53,Male,Premium,23-04-2022,15-06-2022,358,1.4,0
680,Customer680,25,Male,Premium,02-03-2022,31-12-2022,258,1.1,0
681,Customer681,27,Male,Standard,03-03-2023,17-11-2023,124,4.7,0
682,Customer682,30,Female,Premium,04-04-2022,26-08-2022,156,2.9,0
683,Customer683,22,Male,Premium,25-12-2022,20-02-2023,257,1.2,1
684,Customer684,55,Female,Basic,01-10-2023,05-06-2024,272,3.9,0
685,Customer685,33,Male,Standard,14-07-2022,13-06-2023,70,1.3,0
686,Customer686,50,Female,Basic,14-02-2024,24-08-2024,183,1.1,0
687,Customer687,26,Female,Standard,29-10-2022,26-07-2023,399,2.6,0
688,Customer688,20,Female,Premium,13-06-2022,19-12-2022,28,4.5,0
689,Customer689,40,Female,Premium,07-11-2022,14-01-2023,466,2,0
690,Customer690,30,Male,Premium,09-04-2022,05-02-2023,451,2.4,1
691,Customer691,65,Male,Premium,30-01-2022,07-03-2022,372,3.6,1
692,Customer692,55,Female,Premium,24-08-2022,24-02-2023,472,4.1,0
693,Customer693,47,Female,Standard,26-03-2022,14-12-2022,473,1.7,1
694,Customer694,19,Male,Basic,22-12-2023,18-05-2024,366,1.2,0
695,Customer695,64,Male,Standard,15-09-2022,28-12-2022,339,1.4,0
696,Customer696,62,Female,Basic,13-07-2022,22-11-2022,239,3.7,1
697,Customer697,21,Male,Basic,18-11-2022,20-12-2022,242,4.2,0
698,Customer698,40,Male,Standard,02-02-2022,16-12-2022,92,3.8,1
699,Customer699,34,Female,Premium,15-02-2023,06-12-2023,141,4.6,1
700,Customer700,65,Female,Standard,24-01-2024,14-07-2024,375,3.3,0
701,Customer701,53,Male,Standard,18-11-2023,23-12-2023,88,2.7,1
702,Customer702,59,Male,Basic,06-06-2023,13-10-2023,414,2.6,0
703,Customer703,60,Male,Premium,21-01-2024,04-06-2024,18,1.6,0
704,Customer704,58,Male,Standard,06-05-2024,18-01-2025,206,1.7,1
705,Customer705,38,Male,Standard,07-06-2023,06-02-2024,278,2.9,1
706,Customer706,35,Male,Standard,08-08-2023,25-01-2024,473,4.8,0
707,Customer707,33,Female,Basic,05-05-2022,21-07-2022,99,2,0
708,Customer708,41,Male,Premium,16-06-2022,03-06-2023,86,2.3,0
709,Customer709,39,Female,Premium,18-05-2023,26-02-2024,149,3.6,1
710,Customer710,53,Female,Standard,28-02-2024,20-01-2025,412,2.3,0
711,Customer711,50,Female,Standard,15-04-2022,24-07-2022,446,3,0
712,Customer712,51,Female,Premium,16-09-2023,28-03-2024,442,1.1,0
713,Customer713,59,Male,Basic,17-12-2023,12-12-2024,457,1.6,0
714,Customer714,64,Female,Standard,30-04-2024,06-10-2024,274,3.1,0
715,Customer715,33,Male,Standard,20-10-2023,25-03-2024,123,4.4,1
716,Customer716,39,Female,Premium,25-09-2023,24-10-2023,108,2.5,0
717,Customer717,21,Female,Standard,19-01-2023,11-02-2023,46,4.7,0
718,Customer718,22,Female,Premium,08-02-2024,10-08-2024,367,3.2,1
719,Customer719,40,Male,Standard,28-02-2022,11-12-2022,252,1.8,0
720,Customer720,48,Female,Basic,11-07-2023,06-03-2024,243,3.6,0
721,Customer721,46,Female,Basic,31-05-2023,30-11-2023,65,1.2,1
722,Customer722,59,Male,Basic,06-05-2024,14-01-2025,147,3,1
723,Customer723,63,Male,Standard,06-04-2022,21-06-2022,164,4.3,1
724,Customer724,55,Female,Standard,02-05-2023,27-10-2023,419,4.6,0
725,Customer725,28,Male,Basic,19-08-2023,07-03-2024,444,3.8,0
726,Customer726,65,Female,Basic,02-03-2024,23-08-2024,190,3.5,1
727,Customer727,21,Male,Basic,24-01-2024,10-01-2025,169,1.8,0
728,Customer728,39,Male,Basic,07-06-2024,07-03-2025,291,2.4,1
729,Customer729,21,Male,Basic,08-08-2023,24-12-2023,419,4.4,1
730,Customer730,35,Male,Standard,12-01-2022,13-04-2022,486,3.8,0
731,Customer731,60,Male,Standard,26-01-2024,05-08-2024,389,2,0
732,Customer732,54,Male,Standard,10-01-2023,28-05-2023,308,2.7,0
733,Customer733,54,Male,Standard,25-09-2023,21-10-2023,91,1.7,0
734,Customer734,53,Female,Standard,22-08-2023,12-05-2024,174,4.7,1
735,Customer735,42,Female,Basic,13-01-2024,25-03-2024,191,2.2,0
736,Customer736,45,Male,Premium,11-03-2023,31-12-2023,435,2,0
737,Customer737,45,Female,Premium,02-08-2023,02-10-2023,425,2,1
738,Customer738,56,Female,Standard,10-05-2024,28-10-2024,102,4.1,0
739,Customer739,49,Male,Standard,15-05-2022,11-12-2022,87,1.5,1
740,Customer740,32,Male,Basic,02-06-2022,10-09-2022,375,1.2,0
741,Customer741,48,Female,Standard,12-12-2023,24-07-2024,279,2.3,1
742,Customer742,63,Male,Standard,08-01-2024,08-02-2024,10,2.3,1
743,Customer743,45,Male,Basic,27-02-2023,12-01-2024,164,4.5,1
744,Customer744,47,Male,Standard,22-07-2023,13-06-2024,199,1.6,0
745,Customer745,64,Male,Basic,08-06-2024,04-02-2025,394,1.6,0
746,Customer746,60,Female,Basic,08-03-2023,17-10-2023,105,1.8,1
747,Customer747,58,Female,Standard,11-05-2024,10-01-2025,460,1.9,1
748,Customer748,31,Male,Basic,14-12-2023,19-05-2024,210,3.3,0
749,Customer749,60,Female,Basic,03-04-2023,20-07-2023,317,1.3,1
750,Customer750,44,Female,Premium,28-05-2024,09-10-2024,210,3.6,0
751,Customer751,47,Male,Basic,21-11-2022,23-05-2023,2,3.8,0
752,Customer752,18,Female,Standard,25-04-2023,31-05-2023,32,4.8,0
753,Customer753,49,Female,Premium,20-02-2023,31-12-2023,149,4.3,1
754,Customer754,56,Male,Premium,23-09-2022,08-08-2023,67,3.2,0
755,Customer755,46,Female,Premium,28-07-2023,02-05-2024,239,1.7,1
756,Customer756,21,Female,Standard,20-11-2023,20-06-2024,156,2.4,0
757,Customer757,32,Female,Standard,28-07-2023,04-12-2023,253,2.1,1
758,Customer758,28,Female,Premium,21-04-2022,03-03-2023,42,4,1
759,Customer759,23,Male,Basic,26-11-2023,14-08-2024,249,4,0
760,Customer760,46,Female,Premium,21-03-2023,27-09-2023,262,1.1,1
761,Customer761,44,Female,Basic,13-12-2023,01-04-2024,425,2.8,1
762,Customer762,60,Male,Basic,20-08-2022,31-12-2022,268,2.9,1
763,Customer763,48,Male,Basic,15-05-2024,21-07-2024,246,1.9,1
764,Customer764,63,Male,Basic,21-09-2023,19-02-2024,69,2,1
765,Customer765,44,Female,Basic,04-08-2022,26-10-2022,424,2.5,0
766,Customer766,38,Female,Standard,28-02-2023,27-10-2023,144,1.2,1
767,Customer767,40,Male,Standard,27-10-2022,18-07-2023,228,4.2,0
768,Customer768,24,Female,Standard,24-04-2023,23-03-2024,372,1.6,1
769,Customer769,32,Female,Basic,26-05-2024,04-10-2024,2,4.9,1
770,Customer770,65,Male,Basic,31-07-2022,26-07-2023,60,2.5,1
771,Customer771,37,Female,Premium,24-09-2023,19-06-2024,159,3.5,1
772,Customer772,63,Female,Premium,01-12-2023,28-01-2024,295,4.7,0
773,Customer773,37,Male,Basic,02-10-2023,04-08-2024,435,4.9,0
774,Customer774,26,Female,Standard,25-08-2023,06-11-2023,50,2.7,1
775,Customer775,50,Female,Standard,06-02-2022,09-08-2022,277,4.7,1
776,Customer776,44,Female,Standard,27-08-2022,02-05-2023,147,2.6,0
777,Customer777,59,Female,Premium,05-05-2022,23-06-2022,317,2,1
778,Customer778,50,Male,Premium,08-05-2024,23-10-2024,207,4.6,1
779,Customer779,61,Female,Premium,15-02-2024,03-06-2024,121,2.7,1
780,Customer780,37,Female,Basic,14-05-2024,18-07-2024,62,3.3,0
781,Customer781,31,Male,Basic,22-05-2023,28-08-2023,443,4.2,0
782,Customer782,22,Female,Standard,31-12-2023,18-09-2024,264,4.8,1
783,Customer783,39,Male,Premium,26-10-2022,01-07-2023,149,1.4,0
784,Customer784,52,Female,Basic,11-04-2024,17-02-2025,399,2.7,0
785,Customer785,21,Female,Basic,24-12-2022,27-07-2023,20,3.5,0
786,Customer786,47,Male,Basic,30-07-2022,03-11-2022,493,4.2,1
787,Customer787,34,Male,Premium,29-05-2024,07-11-2024,331,3.3,1
788,Customer788,39,Female,Premium,18-02-2024,30-05-2024,385,3.4,1
789,Customer789,20,Female,Premium,20-03-2024,03-03-2025,261,3.9,0
790,Customer790,48,Male,Premium,25-11-2023,11-02-2024,97,1.6,0
791,Customer791,61,Male,Standard,07-02-2023,22-11-2023,119,1.3,0
792,Customer792,47,Male,Premium,05-01-2023,04-07-2023,154,1.1,0
793,Customer793,47,Female,Premium,28-08-2023,21-07-2024,326,1.9,1
794,Customer794,47,Male,Standard,11-02-2022,27-01-2023,439,2.6,0
795,Customer795,23,Male,Premium,24-08-2023,17-03-2024,108,3.4,0
796,Customer796,55,Male,Standard,13-08-2022,24-08-2022,239,2.8,0
797,Customer797,35,Female,Standard,23-02-2022,27-09-2022,52,2.3,0
798,Customer798,63,Male,Standard,19-06-2022,11-02-2023,254,4.5,0
799,Customer799,59,Female,Standard,12-06-2022,15-08-2022,79,2.6,0
800,Customer800,34,Female,Standard,12-01-2022,28-07-2022,479,2.4,1
801,Customer801,27,Female,Standard,25-01-2024,30-12-2024,23,5,0
802,Customer802,54,Male,Standard,01-10-2023,11-02-2024,164,4.1,0
803,Customer803,62,Male,Basic,26-07-2022,31-07-2022,463,3.1,1
804,Customer804,45,Male,Premium,26-03-2024,11-11-2024,89,4,1
805,Customer805,38,Female,Premium,13-03-2024,15-07-2024,397,1.6,1
806,Customer806,20,Male,Standard,29-06-2022,01-11-2022,350,4.4,0
807,Customer807,60,Female,Basic,18-06-2023,10-09-2023,53,3.8,1
808,Customer808,38,Female,Basic,14-10-2023,05-08-2024,417,3.1,1
809,Customer809,24,Male,Standard,06-08-2022,31-08-2022,243,3,0
810,Customer810,57,Female,Premium,04-12-2023,16-11-2024,1,3.5,0
811,Customer811,30,Male,Basic,13-10-2022,04-07-2023,112,1,0
812,Customer812,30,Female,Premium,05-02-2024,14-08-2024,434,3.8,0
813,Customer813,62,Male,Premium,14-06-2024,28-11-2024,158,4.9,1
814,Customer814,46,Female,Standard,29-04-2022,25-10-2022,392,1.7,1
815,Customer815,30,Male,Basic,28-03-2022,02-11-2022,500,5,1
816,Customer816,49,Male,Premium,10-04-2022,14-07-2022,157,2.8,0
817,Customer817,29,Male,Premium,27-10-2022,03-10-2023,158,2.5,0
818,Customer818,30,Female,Standard,05-09-2023,16-05-2024,200,4.6,1
819,Customer819,28,Male,Basic,12-05-2023,11-11-2023,195,2.1,0
820,Customer820,46,Male,Basic,29-01-2022,14-09-2022,340,3,0
821,Customer821,41,Male,Standard,27-11-2022,11-06-2023,18,4.3,0
822,Customer822,49,Male,Basic,20-04-2023,03-06-2023,183,3,0
823,Customer823,28,Male,Premium,27-01-2022,22-07-2022,101,1.2,1
824,Customer824,31,Female,Standard,14-03-2022,20-07-2022,475,3.4,1
825,Customer825,41,Female,Premium,08-01-2024,03-10-2024,482,2.6,1
826,Customer826,61,Female,Standard,17-05-2023,20-05-2023,192,4.3,1
827,Customer827,29,Male,Premium,15-08-2022,15-10-2022,315,3.7,1
828,Customer828,55,Male,Basic,09-02-2024,03-01-2025,231,4.7,0
829,Customer829,20,Female,Standard,16-11-2022,25-02-2023,370,4,0
830,Customer830,32,Male,Premium,02-10-2023,21-12-2023,327,1.9,0
831,Customer831,59,Female,Standard,13-10-2022,04-11-2022,399,1.1,1
832,Customer832,18,Female,Standard,28-09-2023,20-03-2024,115,3.2,0
833,Customer833,46,Male,Basic,28-01-2024,11-12-2024,351,4.2,0
834,Customer834,20,Male,Premium,26-03-2022,23-08-2022,360,3.2,1
835,Customer835,37,Male,Basic,19-03-2022,30-11-2022,198,1.4,0
836,Customer836,28,Male,Premium,17-12-2022,23-03-2023,150,1.9,0
837,Customer837,63,Female,Premium,17-11-2022,13-04-2023,280,1.4,1
838,Customer838,58,Male,Standard,17-06-2023,11-03-2024,237,1.1,0
839,Customer839,22,Male,Premium,08-04-2023,25-03-2024,66,1,1
840,Customer840,33,Male,Premium,14-01-2022,02-03-2022,331,1.3,0
841,Customer841,24,Male,Basic,13-08-2023,04-04-2024,496,5,1
842,Customer842,20,Female,Standard,05-04-2022,12-05-2022,367,2.5,0
843,Customer843,63,Female,Basic,01-06-2024,02-11-2024,307,3.2,0
844,Customer844,43,Female,Standard,05-03-2022,02-10-2022,89,2.8,1
845,Customer845,18,Female,Premium,19-04-2024,20-04-2024,146,2.6,0
846,Customer846,57,Male,Premium,13-05-2024,18-12-2024,348,2.9,1
847,Customer847,41,Male,Standard,15-05-2022,29-08-2022,444,2.1,0
848,Customer848,59,Male,Standard,07-03-2023,09-10-2023,56,2.6,0
849,Customer849,33,Female,Basic,22-12-2023,15-05-2024,135,3.6,0
850,Customer850,27,Male,Basic,27-08-2023,25-11-2023,47,1.8,0
851,Customer851,24,Male,Basic,14-02-2024,13-12-2024,169,3.3,1
852,Customer852,43,Male,Standard,10-02-2022,26-11-2022,52,3.5,1
853,Customer853,18,Male,Basic,31-01-2024,13-09-2024,58,4.9,0
854,Customer854,28,Female,Premium,16-02-2022,30-03-2022,83,3.3,1
855,Customer855,24,Female,Basic,23-11-2022,15-08-2023,351,1.6,1
856,Customer856,50,Female,Standard,26-03-2023,20-06-2023,295,2.2,1
857,Customer857,41,Female,Premium,14-01-2023,13-05-2023,410,1.2,1
858,Customer858,34,Female,Basic,13-03-2024,17-11-2024,201,4.9,0
859,Customer859,61,Female,Standard,23-08-2022,29-11-2022,190,2.3,1
860,Customer860,38,Male,Basic,25-03-2024,16-03-2025,268,3.9,1
861,Customer861,22,Male,Basic,10-02-2024,17-10-2024,226,1.7,0
862,Customer862,18,Male,Standard,17-02-2024,27-04-2024,389,1.3,0
863,Customer863,46,Male,Basic,24-03-2023,30-01-2024,451,1.5,1
864,Customer864,37,Female,Basic,29-01-2023,27-03-2023,450,3.2,1
865,Customer865,57,Female,Premium,02-05-2024,07-03-2025,245,1,0
866,Customer866,62,Male,Premium,14-10-2023,19-04-2024,35,1.6,0
867,Customer867,56,Male,Basic,12-06-2022,03-02-2023,290,3,1
868,Customer868,62,Male,Standard,21-04-2024,02-06-2024,368,4,1
869,Customer869,44,Female,Basic,01-03-2022,27-07-2022,402,4.7,0
870,Customer870,49,Male,Standard,14-11-2022,15-07-2023,258,1.4,1
871,Customer871,35,Female,Basic,27-06-2023,09-10-2023,478,3.1,1
872,Customer872,55,Male,Basic,23-11-2022,10-04-2023,155,4.6,0
873,Customer873,46,Female,Standard,02-07-2023,28-11-2023,176,3.6,0
874,Customer874,60,Female,Basic,26-01-2024,27-11-2024,247,4.5,0
875,Customer875,27,Male,Premium,29-05-2022,10-03-2023,235,3.4,1
876,Customer876,57,Male,Premium,18-07-2022,30-06-2023,74,4.7,1
877,Customer877,65,Female,Standard,10-03-2023,20-12-2023,436,4.6,1
878,Customer878,62,Female,Basic,15-01-2024,30-09-2024,175,4,0
879,Customer879,27,Male,Premium,18-06-2023,16-08-2023,224,4.7,1
880,Customer880,51,Male,Basic,31-03-2024,12-12-2024,385,3,1
881,Customer881,54,Female,Standard,12-04-2022,20-12-2022,429,1.3,1
882,Customer882,51,Male,Basic,13-12-2022,02-06-2023,203,4.4,1
883,Customer883,33,Female,Basic,12-04-2024,24-08-2024,21,4.4,1
884,Customer884,35,Female,Premium,03-06-2024,21-06-2024,228,3.7,0
885,Customer885,30,Male,Standard,06-04-2022,13-08-2022,213,4.1,1
886,Customer886,45,Male,Premium,18-02-2024,24-01-2025,225,1,0
887,Customer887,64,Male,Standard,30-03-2022,16-03-2023,22,3.4,1
888,Customer888,34,Female,Basic,08-04-2024,05-06-2024,357,2.1,1
889,Customer889,25,Male,Premium,27-10-2022,24-08-2023,271,4.6,0
890,Customer890,41,Male,Premium,10-12-2023,29-12-2023,494,4.7,1
891,Customer891,22,Male,Standard,18-11-2023,04-01-2024,323,2.8,0
892,Customer892,30,Male,Standard,04-05-2023,25-07-2023,154,2.9,1
893,Customer893,47,Male,Premium,19-05-2024,08-02-2025,26,3.2,1
894,Customer894,53,Male,Basic,14-12-2022,20-12-2022,220,2.5,0
895,Customer895,61,Female,Standard,17-11-2023,21-04-2024,499,4.2,1
896,Customer896,49,Female,Premium,04-07-2022,30-03-2023,456,1.3,1
897,Customer897,47,Male,Basic,10-08-2022,03-08-2023,190,2.1,1
898,Customer898,40,Male,Premium,15-07-2022,06-07-2023,487,4.7,0
899,Customer899,42,Male,Basic,30-05-2024,21-01-2025,123,3.4,1
900,Customer900,32,Female,Basic,08-03-2022,26-02-2023,380,2.7,1
901,Customer901,64,Female,Standard,29-01-2024,22-12-2024,148,3.4,0
902,Customer902,54,Female,Basic,04-03-2023,27-06-2023,170,3.8,0
903,Customer903,34,Male,Premium,03-08-2023,05-11-2023,162,3.6,0
904,Customer904,39,Female,Basic,03-10-2022,20-06-2023,268,2.6,0
905,Customer905,31,Female,Premium,05-06-2023,27-01-2024,474,3.6,1
906,Customer906,56,Male,Standard,15-09-2023,29-11-2023,238,3.3,1
907,Customer907,58,Female,Standard,01-09-2022,13-01-2023,108,2.4,1
908,Customer908,49,Male,Standard,12-12-2022,11-12-2023,311,1,0
909,Customer909,55,Female,Standard,14-02-2023,01-01-2024,350,4,1
910,Customer910,53,Female,Standard,25-01-2022,16-01-2023,43,3.3,1
911,Customer911,45,Male,Basic,11-07-2023,01-11-2023,450,3.7,0
912,Customer912,58,Female,Basic,30-03-2023,30-04-2023,244,3.9,1
913,Customer913,43,Female,Basic,18-04-2024,21-12-2024,47,1.5,0
914,Customer914,18,Female,Standard,18-07-2023,08-06-2024,75,4.6,1
915,Customer915,50,Male,Standard,06-03-2023,03-08-2023,466,1.4,1
916,Customer916,53,Female,Basic,24-03-2024,29-11-2024,83,3.6,1
917,Customer917,62,Male,Basic,18-01-2023,12-12-2023,279,1.6,0
918,Customer918,18,Male,Basic,08-02-2022,13-01-2023,60,5,1
919,Customer919,38,Female,Basic,11-04-2023,18-01-2024,325,4.4,1
920,Customer920,32,Female,Premium,11-09-2022,20-05-2023,168,2,1
921,Customer921,62,Female,Basic,19-11-2023,03-11-2024,418,1.2,0
922,Customer922,19,Male,Standard,10-01-2022,14-01-2022,444,2.6,0
923,Customer923,24,Male,Basic,21-04-2022,10-06-2022,285,3.5,1
924,Customer924,37,Female,Standard,19-01-2024,27-01-2024,389,4.2,0
925,Customer925,51,Male,Basic,20-11-2023,20-02-2024,6,1.5,1
926,Customer926,56,Female,Premium,14-02-2024,24-09-2024,80,4.5,0
927,Customer927,25,Male,Basic,24-07-2022,18-12-2022,473,2.8,0
928,Customer928,32,Male,Premium,29-12-2022,07-08-2023,139,2.9,1
929,Customer929,55,Female,Standard,26-07-2022,07-10-2022,202,4.2,1
930,Customer930,47,Male,Standard,27-09-2022,08-12-2022,268,2.8,1
931,Customer931,47,Female,Premium,12-04-2024,08-03-2025,29,4,0
932,Customer932,36,Female,Standard,25-03-2022,08-09-2022,478,4.1,1
933,Customer933,25,Male,Premium,29-04-2022,02-04-2023,381,3.6,0
934,Customer934,60,Male,Standard,09-01-2024,17-01-2024,281,1.4,1
935,Customer935,27,Female,Standard,07-08-2022,10-02-2023,394,2.1,0
936,Customer936,34,Female,Basic,30-03-2022,04-02-2023,136,3.3,1
937,Customer937,65,Male,Standard,10-01-2024,07-09-2024,335,2.8,1
938,Customer938,50,Female,Premium,24-08-2022,25-09-2022,145,3.2,1
939,Customer939,20,Female,Premium,17-03-2024,23-02-2025,182,4.4,0
940,Customer940,30,Female,Standard,02-07-2023,25-09-2023,171,3.7,1
941,Customer941,44,Male,Premium,10-04-2022,27-01-2023,187,1.4,0
942,Customer942,65,Male,Basic,19-05-2024,09-03-2025,490,1.4,1
943,Customer943,41,Female,Premium,30-10-2023,16-08-2024,169,1.3,1
944,Customer944,19,Male,Basic,23-04-2024,21-02-2025,221,3.2,0
945,Customer945,26,Female,Standard,01-01-2023,05-01-2023,163,2,1
946,Customer946,44,Female,Standard,27-03-2022,26-07-2022,252,1.6,0
947,Customer947,54,Male,Basic,11-08-2022,14-11-2022,285,1.7,1
948,Customer948,65,Female,Basic,16-12-2023,23-03-2024,296,3.5,1
949,Customer949,23,Male,Premium,25-02-2023,13-03-2023,243,2.6,0
950,Customer950,32,Male,Basic,24-05-2022,20-07-2022,62,4.4,0
951,Customer951,46,Male,Premium,23-06-2023,05-07-2023,319,4,1
952,Customer952,58,Female,Standard,28-12-2023,30-03-2024,370,3.4,0
953,Customer953,25,Female,Premium,25-11-2023,30-01-2024,81,4,1
954,Customer954,52,Male,Standard,24-04-2024,01-10-2024,9,1.7,1
955,Customer955,54,Male,Basic,11-08-2022,05-11-2022,77,1.8,0
956,Customer956,39,Female,Basic,12-01-2023,04-08-2023,486,4.8,1
957,Customer957,58,Male,Standard,02-03-2022,08-10-2022,471,2.1,1
958,Customer958,63,Female,Standard,16-06-2022,31-12-2022,399,4.2,1
959,Customer959,36,Male,Basic,28-04-2023,04-01-2024,165,1.1,0
960,Customer960,26,Male,Premium,13-02-2023,15-03-2023,432,3.6,0
961,Customer961,22,Male,Premium,04-07-2022,11-07-2022,43,3.6,0
962,Customer962,24,Female,Standard,07-08-2022,27-10-2022,215,2.7,1
963,Customer963,19,Male,Premium,17-08-2023,12-07-2024,210,4.2,0
964,Customer964,54,Male,Standard,28-08-2023,31-10-2023,61,3.6,0
965,Customer965,20,Female,Standard,18-12-2022,02-01-2023,446,2.3,1
966,Customer966,44,Male,Standard,13-10-2023,20-06-2024,234,1.9,1
967,Customer967,20,Female,Premium,17-04-2024,22-08-2024,216,1.5,0
968,Customer968,21,Female,Basic,22-02-2024,01-06-2024,70,1.2,1
969,Customer969,35,Male,Premium,11-03-2022,13-12-2022,234,1.6,1
970,Customer970,30,Female,Premium,01-11-2023,25-04-2024,491,2.6,1
971,Customer971,24,Female,Standard,07-06-2024,04-09-2024,59,2.1,1
972,Customer972,31,Male,Premium,04-06-2022,13-12-2022,233,4.7,0
973,Customer973,63,Female,Premium,24-12-2022,03-05-2023,209,4.3,0
974,Customer974,32,Male,Premium,27-03-2024,02-05-2024,359,3.7,1
975,Customer975,26,Male,Basic,22-11-2023,05-04-2024,91,2.3,0
976,Customer976,52,Female,Basic,07-11-2023,25-06-2024,184,4.9,1
977,Customer977,58,Male,Premium,09-12-2022,25-07-2023,203,4.5,0
978,Customer978,32,Female,Premium,20-12-2023,10-04-2024,6,2.8,1
979,Customer979,23,Female,Standard,17-11-2022,23-05-2023,389,2.2,1
980,Customer980,65,Female,Premium,11-04-2023,07-08-2023,210,2.6,1
981,Customer981,43,Male,Premium,19-10-2023,14-12-2023,450,3.4,1
982,Customer982,33,Male,Standard,09-01-2024,16-04-2024,44,2.7,0
983,Customer983,31,Male,Premium,16-03-2022,29-08-2022,1,1.9,1
984,Customer984,32,Male,Premium,27-07-2023,01-04-2024,309,3.5,1
985,Customer985,59,Male,Basic,07-02-2024,08-08-2024,161,4.5,1
986,Customer986,25,Female,Standard,07-04-2023,31-12-2023,162,2.2,1
987,Customer987,18,Male,Standard,18-05-2024,26-12-2024,35,2,0
988,Customer988,61,Male,Basic,20-02-2023,18-08-2023,86,2.1,1
989,Customer989,34,Female,Basic,13-08-2022,25-11-2022,487,3.2,0
990,Customer990,41,Male,Premium,10-08-2022,02-01-2023,202,1.5,1
991,Customer991,27,Male,Basic,09-02-2023,31-05-2023,250,4.8,1
992,Customer992,37,Male,Basic,12-03-2023,04-05-2023,40,3.5,1
993,Customer993,45,Female,Premium,21-09-2022,04-07-2023,428,2.7,0
994,Customer994,56,Male,Standard,17-06-2023,26-04-2024,480,1,1
995,Customer995,62,Male,Basic,29-07-2023,19-07-2024,27,2.8,1
996,Customer996,32,Male,Standard,07-05-2022,16-09-2022,319,4.5,1
997,Customer997,65,Female,Basic,03-02-2024,11-01-2025,104,3.3,1
998,Customer998,48,Male,Premium,02-01-2022,10-04-2022,72,2.2,1
999,Customer999,55,Male,Premium,11-03-2023,08-05-2023,428,1.5,1
1000,Customer1000,28,Male,Standard,06-11-2022,09-10-2023,147,1.8,1
